{"cameraMode":{"drawMode":0,"name":"Shaded","section":"Shading Mode"},"sceneLighting":true,"audioPlay":false,"sceneViewState":{"m_AlwaysRefresh":false,"showFog":true,"showSkybox":true,"showFlares":true,"showImageEffects":true,"showParticleSystems":true,"showVisualEffectGraphs":true,"m_FxEnabled":true},"in2DMode":false,"pivot":{"x":4.937802791595459,"y":7.667869567871094,"z":10.50738525390625},"rotation":{"x":0.04316083714365959,"y":-0.8929955959320068,"z":0.43995773792266848,"w":0.08681479096412659},"size":1.2247449159622193,"orthographic":false}