{"cameraMode":{"drawMode":0,"name":"Shaded","section":"Shading Mode"},"sceneLighting":true,"audioPlay":false,"sceneViewState":{"m_AlwaysRefresh":false,"showFog":true,"showSkybox":true,"showFlares":true,"showImageEffects":true,"showParticleSystems":true,"showVisualEffectGraphs":true,"m_FxEnabled":true},"in2DMode":false,"pivot":{"x":-16.196765899658204,"y":21.958215713500978,"z":-155.729736328125},"rotation":{"x":0.24361470341682435,"y":0.04214619845151901,"z":-0.01138699147850275,"w":0.9691358208656311},"size":0.8660253882408142,"orthographic":false}