{"cameraMode":{"drawMode":0,"name":"Shaded","section":"Shading Mode"},"sceneLighting":true,"audioPlay":false,"sceneViewState":{"m_AlwaysRefresh":false,"showFog":true,"showSkybox":true,"showFlares":true,"showImageEffects":true,"showParticleSystems":true,"showVisualEffectGraphs":true,"m_FxEnabled":true},"in2DMode":false,"pivot":{"x":-0.37441763281822207,"y":32.630027770996097,"z":10.541980743408204},"rotation":{"x":-0.026439540088176729,"y":-0.9038251042366028,"z":0.4236696660518646,"w":-0.05760953575372696},"size":1.2247449159622193,"orthographic":false}