{"cameraMode":{"drawMode":0,"name":"Shaded","section":"Shading Mode"},"sceneLighting":true,"audioPlay":false,"sceneViewState":{"m_AlwaysRefresh":false,"showFog":true,"showSkybox":true,"showFlares":true,"showImageEffects":true,"showParticleSystems":true,"showVisualEffectGraphs":true,"m_FxEnabled":true},"in2DMode":false,"pivot":{"x":-7.259242534637451,"y":55.396297454833987,"z":13.285589218139649},"rotation":{"x":-0.05064472183585167,"y":0.8673430681228638,"z":-0.48718705773353579,"w":-0.08962921053171158},"size":1.2247449159622193,"orthographic":false}